Suite/Test/Step Name,Browser,Description,Tag,Start time,End time,Duration,Status
COMPLETE_CHECKOUT,Chrome 87.0.4280.141,,,2021-01-15 13:53:12,2021-01-15 13:53:52,"39,925s",FAILED
,,,,,,,
Test Cases/TC_1_COMPLETE_CHECKOUT_PATH,Chrome 87.0.4280.141,,,2021-01-15 13:53:14,2021-01-15 13:53:33,"18,940s",PASSED
"openBrowser("""")",Chrome 87.0.4280.141,,,2021-01-15 13:53:15,2021-01-15 13:53:20,"4,333s",PASSED
"navigateToUrl(""https://www.saucedemo.com/"")",Chrome 87.0.4280.141,,,2021-01-15 13:53:20,2021-01-15 13:53:21,"1,508s",PASSED
"verifyElementPresent(findTestObject(""Page_Swag Labs/LoginPage/input_standard_userlocked_out_userproblem_userperformance_glitch_user_login-button""), 1)",Chrome 87.0.4280.141,,,2021-01-15 13:53:21,2021-01-15 13:53:22,"0,521s",PASSED
"setText(findTestObject(""Page_Swag Labs/LoginPage/input_standard_userlocked_out_userproblem_userperformance_glitch_user_user-name""), findTestData(""User_Data"").getValue(1, rowNum))",Chrome 87.0.4280.141,,,2021-01-15 13:53:22,2021-01-15 13:53:22,"0,822s",PASSED
"setText(findTestObject(""Page_Swag Labs/LoginPage/input_standard_userlocked_out_userproblem_userperformance_glitch_user_password""), findTestData(""User_Data"").getValue(2, rowNum))",Chrome 87.0.4280.141,,,2021-01-15 13:53:22,2021-01-15 13:53:23,"0,776s",PASSED
"verifyElementAttributeValue(findTestObject(""Page_Swag Labs/LoginPage/input_standard_userlocked_out_userproblem_userperformance_glitch_user_user-name""), ""value"", findTestData(""User_Data"").getValue(1, rowNum), 1)",Chrome 87.0.4280.141,,,2021-01-15 13:53:23,2021-01-15 13:53:24,"0,387s",PASSED
"click(findTestObject(""Page_Swag Labs/LoginPage/input_standard_userlocked_out_userproblem_userperformance_glitch_user_login-button""))",Chrome 87.0.4280.141,,,2021-01-15 13:53:24,2021-01-15 13:53:24,"0,639s",PASSED
"verifyElementPresent(findTestObject(""Page_Swag Labs/HomePage/div_Open Menu_app_logo""), 1)",Chrome 87.0.4280.141,,,2021-01-15 13:53:24,2021-01-15 13:53:25,"0,469s",PASSED
"click(findTestObject(""Object Repository/Page_Swag Labs/HomePage/button_ADD TO CART""))",Chrome 87.0.4280.141,,,2021-01-15 13:53:25,2021-01-15 13:53:25,"0,416s",PASSED
"click(findTestObject(""Object Repository/Page_Swag Labs/HomePage/Cart""))",Chrome 87.0.4280.141,,,2021-01-15 13:53:25,2021-01-15 13:53:26,"0,772s",PASSED
"verifyElementPresent(findTestObject(""Object Repository/Page_Swag Labs/CartPage/div_Your Cart""), 1)",Chrome 87.0.4280.141,,,2021-01-15 13:53:26,2021-01-15 13:53:26,"0,497s",PASSED
"click(findTestObject(""Object Repository/Page_Swag Labs/CartPage/a_CHECKOUT""))",Chrome 87.0.4280.141,,,2021-01-15 13:53:26,2021-01-15 13:53:27,"0,636s",PASSED
"verifyElementPresent(findTestObject(""Object Repository/Page_Swag Labs/CheckoutPage/div_Checkout Your Information""), 1)",Chrome 87.0.4280.141,,,2021-01-15 13:53:27,2021-01-15 13:53:27,"0,429s",PASSED
"setText(findTestObject(""Object Repository/Page_Swag Labs/CheckoutPage/input_Checkout Your Information_first-name""), findTestData(""User_Data"").getValue(3, rowNum))",Chrome 87.0.4280.141,,,2021-01-15 13:53:27,2021-01-15 13:53:28,"0,618s",PASSED
"setText(findTestObject(""Object Repository/Page_Swag Labs/CheckoutPage/input_Checkout Your Information_last-name""), findTestData(""User_Data"").getValue(4, rowNum))",Chrome 87.0.4280.141,,,2021-01-15 13:53:28,2021-01-15 13:53:29,"0,624s",PASSED
"setText(findTestObject(""Object Repository/Page_Swag Labs/CheckoutPage/input_Checkout Your Information_postal-code""), findTestData(""User_Data"").getValue(5, rowNum))",Chrome 87.0.4280.141,,,2021-01-15 13:53:29,2021-01-15 13:53:29,"0,656s",PASSED
"verifyElementAttributeValue(findTestObject(""Object Repository/Page_Swag Labs/CheckoutPage/input_Checkout Your Information_first-name""), ""value"", findTestData(""User_Data"").getValue(3, rowNum), 1)",Chrome 87.0.4280.141,,,2021-01-15 13:53:29,2021-01-15 13:53:30,"0,354s",PASSED
"verifyElementAttributeValue(findTestObject(""Object Repository/Page_Swag Labs/CheckoutPage/input_Checkout Your Information_last-name""), ""value"", findTestData(""User_Data"").getValue(4, rowNum), 1)",Chrome 87.0.4280.141,,,2021-01-15 13:53:30,2021-01-15 13:53:30,"0,345s",PASSED
"verifyElementAttributeValue(findTestObject(""Object Repository/Page_Swag Labs/CheckoutPage/input_Checkout Your Information_postal-code""), ""value"", findTestData(""User_Data"").getValue(5, rowNum), 1)",Chrome 87.0.4280.141,,,2021-01-15 13:53:30,2021-01-15 13:53:30,"0,326s",PASSED
"click(findTestObject(""Object Repository/Page_Swag Labs/CheckoutPage/input_CANCEL_btn_primary cart_button""))",Chrome 87.0.4280.141,,,2021-01-15 13:53:30,2021-01-15 13:53:31,"0,530s",PASSED
"verifyElementPresent(findTestObject(""Object Repository/Page_Swag Labs/CheckoutOverviewPage/div_Checkout Overview""), 1)",Chrome 87.0.4280.141,,,2021-01-15 13:53:31,2021-01-15 13:53:31,"0,407s",PASSED
"click(findTestObject(""Object Repository/Page_Swag Labs/CheckoutOverviewPage/a_FINISH""))",Chrome 87.0.4280.141,,,2021-01-15 13:53:31,2021-01-15 13:53:32,"0,617s",PASSED
"verifyElementPresent(findTestObject(""Object Repository/Page_Swag Labs/FinishPage/div_Finish""), 1)",Chrome 87.0.4280.141,,,2021-01-15 13:53:32,2021-01-15 13:53:32,"0,435s",PASSED
closeBrowser(),Chrome 87.0.4280.141,,,2021-01-15 13:53:32,2021-01-15 13:53:33,"0,824s",PASSED
,,,,,,,
Test Cases/TC_2_PROBLEM_USER,Chrome 87.0.4280.141,,,2021-01-15 13:53:33,2021-01-15 13:53:52,"18,452s",FAILED
"openBrowser(""https://www.saucedemo.com/"")",Chrome 87.0.4280.141,,,2021-01-15 13:53:34,2021-01-15 13:53:38,"4,095s",PASSED
"verifyElementPresent(findTestObject(""Page_Swag Labs/LoginPage/input_standard_userlocked_out_userproblem_userperformance_glitch_user_login-button""), 1)",Chrome 87.0.4280.141,,,2021-01-15 13:53:38,2021-01-15 13:53:38,"0,469s",PASSED
"setText(findTestObject(""Page_Swag Labs/LoginPage/input_standard_userlocked_out_userproblem_userperformance_glitch_user_user-name""), findTestData(""User_Data"").getValue(1, rowNo))",Chrome 87.0.4280.141,,,2021-01-15 13:53:38,2021-01-15 13:53:39,"0,724s",PASSED
"setText(findTestObject(""Page_Swag Labs/LoginPage/input_standard_userlocked_out_userproblem_userperformance_glitch_user_password""), findTestData(""User_Data"").getValue(2, rowNo))",Chrome 87.0.4280.141,,,2021-01-15 13:53:39,2021-01-15 13:53:40,"0,729s",PASSED
"verifyElementAttributeValue(findTestObject(""Page_Swag Labs/LoginPage/input_standard_userlocked_out_userproblem_userperformance_glitch_user_user-name""), ""value"", findTestData(""User_Data"").getValue(1, rowNo), 1)",Chrome 87.0.4280.141,,,2021-01-15 13:53:40,2021-01-15 13:53:40,"0,396s",PASSED
"click(findTestObject(""Page_Swag Labs/LoginPage/input_standard_userlocked_out_userproblem_userperformance_glitch_user_login-button""))",Chrome 87.0.4280.141,,,2021-01-15 13:53:40,2021-01-15 13:53:41,"0,578s",PASSED
"verifyElementPresent(findTestObject(""Page_Swag Labs/HomePage/div_Open Menu_app_logo""), 1)",Chrome 87.0.4280.141,,,2021-01-15 13:53:41,2021-01-15 13:53:41,"0,484s",PASSED
"click(findTestObject(""Object Repository/Page_Swag Labs/HomePage/button_ADD TO CART""))",Chrome 87.0.4280.141,,,2021-01-15 13:53:41,2021-01-15 13:53:42,"0,443s",PASSED
"click(findTestObject(""Object Repository/Page_Swag Labs/HomePage/Cart""))",Chrome 87.0.4280.141,,,2021-01-15 13:53:42,2021-01-15 13:53:42,"0,618s",PASSED
"verifyElementPresent(findTestObject(""Object Repository/Page_Swag Labs/CartPage/div_Your Cart""), 1)",Chrome 87.0.4280.141,,,2021-01-15 13:53:42,2021-01-15 13:53:43,"0,521s",PASSED
"click(findTestObject(""Object Repository/Page_Swag Labs/CartPage/a_CHECKOUT""))",Chrome 87.0.4280.141,,,2021-01-15 13:53:43,2021-01-15 13:53:43,"0,486s",PASSED
"verifyElementPresent(findTestObject(""Object Repository/Page_Swag Labs/CheckoutPage/div_Checkout Your Information""), 1)",Chrome 87.0.4280.141,,,2021-01-15 13:53:43,2021-01-15 13:53:44,"0,436s",PASSED
"setText(findTestObject(""Object Repository/Page_Swag Labs/CheckoutPage/input_Checkout Your Information_first-name""), findTestData(""User_Data"").getValue(3, rowNo))",Chrome 87.0.4280.141,,,2021-01-15 13:53:44,2021-01-15 13:53:44,"0,755s",PASSED
"setText(findTestObject(""Object Repository/Page_Swag Labs/CheckoutPage/input_Checkout Your Information_last-name""), findTestData(""User_Data"").getValue(4, rowNo))",Chrome 87.0.4280.141,,,2021-01-15 13:53:44,2021-01-15 13:53:45,"0,702s",PASSED
"setText(findTestObject(""Object Repository/Page_Swag Labs/CheckoutPage/input_Checkout Your Information_postal-code""), findTestData(""User_Data"").getValue(5, rowNo))",Chrome 87.0.4280.141,,,2021-01-15 13:53:45,2021-01-15 13:53:46,"0,628s",PASSED
"verifyElementAttributeValue(findTestObject(""Object Repository/Page_Swag Labs/CheckoutPage/input_Checkout Your Information_first-name""), ""value"", findTestData(""User_Data"").getValue(3, rowNo), 1)",Chrome 87.0.4280.141,,,2021-01-15 13:53:46,2021-01-15 13:53:47,"0,942s",FAILED
