Suite/Test/Step Name,Browser,Description,Tag,Start time,End time,Duration,Status
COMPLETE_CHECKOUT,Chrome 87.0.4280.141,,,2021-01-14 12:31:22,2021-01-14 12:32:00,"38,109s",FAILED
,,,,,,,
Test Cases/TC_1_COMPLETE_CHECKOUT_PATH,Chrome 87.0.4280.141,,,2021-01-14 12:31:24,2021-01-14 12:31:41,"17,246s",PASSED
"openBrowser("""")",Chrome 87.0.4280.141,,,2021-01-14 12:31:25,2021-01-14 12:31:29,"4,347s",PASSED
"navigateToUrl(""https://www.saucedemo.com/"")",Chrome 87.0.4280.141,,,2021-01-14 12:31:29,2021-01-14 12:31:30,"0,862s",PASSED
"verifyElementPresent(findTestObject(""Page_Swag Labs/LoginPage/input_standard_userlocked_out_userproblem_userperformance_glitch_user_login-button""), 1)",Chrome 87.0.4280.141,,,2021-01-14 12:31:30,2021-01-14 12:31:30,"0,515s",PASSED
"setText(findTestObject(""Page_Swag Labs/LoginPage/input_standard_userlocked_out_userproblem_userperformance_glitch_user_user-name""), findTestData(""User_Data"").getValue(1, rowNum))",Chrome 87.0.4280.141,,,2021-01-14 12:31:30,2021-01-14 12:31:31,"0,712s",PASSED
"setText(findTestObject(""Page_Swag Labs/LoginPage/input_standard_userlocked_out_userproblem_userperformance_glitch_user_password""), findTestData(""User_Data"").getValue(2, rowNum))",Chrome 87.0.4280.141,,,2021-01-14 12:31:31,2021-01-14 12:31:32,"0,636s",PASSED
"verifyElementAttributeValue(findTestObject(""Page_Swag Labs/LoginPage/input_standard_userlocked_out_userproblem_userperformance_glitch_user_user-name""), ""value"", findTestData(""User_Data"").getValue(1, rowNum), 1)",Chrome 87.0.4280.141,,,2021-01-14 12:31:32,2021-01-14 12:31:32,"0,344s",PASSED
"click(findTestObject(""Page_Swag Labs/LoginPage/input_standard_userlocked_out_userproblem_userperformance_glitch_user_login-button""))",Chrome 87.0.4280.141,,,2021-01-14 12:31:32,2021-01-14 12:31:33,"0,697s",PASSED
"verifyElementPresent(findTestObject(""Page_Swag Labs/HomePage/div_Open Menu_app_logo""), 1)",Chrome 87.0.4280.141,,,2021-01-14 12:31:33,2021-01-14 12:31:33,"0,473s",PASSED
"click(findTestObject(""Object Repository/Page_Swag Labs/HomePage/button_ADD TO CART""))",Chrome 87.0.4280.141,,,2021-01-14 12:31:33,2021-01-14 12:31:34,"0,399s",PASSED
"click(findTestObject(""Object Repository/Page_Swag Labs/HomePage/Cart""))",Chrome 87.0.4280.141,,,2021-01-14 12:31:34,2021-01-14 12:31:34,"0,647s",PASSED
"verifyElementPresent(findTestObject(""Object Repository/Page_Swag Labs/CartPage/div_Your Cart""), 1)",Chrome 87.0.4280.141,,,2021-01-14 12:31:34,2021-01-14 12:31:35,"0,431s",PASSED
"click(findTestObject(""Object Repository/Page_Swag Labs/CartPage/a_CHECKOUT""))",Chrome 87.0.4280.141,,,2021-01-14 12:31:35,2021-01-14 12:31:35,"0,426s",PASSED
"verifyElementPresent(findTestObject(""Object Repository/Page_Swag Labs/CheckoutPage/div_Checkout Your Information""), 1)",Chrome 87.0.4280.141,,,2021-01-14 12:31:35,2021-01-14 12:31:36,"0,427s",PASSED
"setText(findTestObject(""Object Repository/Page_Swag Labs/CheckoutPage/input_Checkout Your Information_first-name""), findTestData(""User_Data"").getValue(3, rowNum))",Chrome 87.0.4280.141,,,2021-01-14 12:31:36,2021-01-14 12:31:36,"0,683s",PASSED
"setText(findTestObject(""Object Repository/Page_Swag Labs/CheckoutPage/input_Checkout Your Information_last-name""), findTestData(""User_Data"").getValue(4, rowNum))",Chrome 87.0.4280.141,,,2021-01-14 12:31:36,2021-01-14 12:31:37,"0,639s",PASSED
"setText(findTestObject(""Object Repository/Page_Swag Labs/CheckoutPage/input_Checkout Your Information_postal-code""), findTestData(""User_Data"").getValue(5, rowNum))",Chrome 87.0.4280.141,,,2021-01-14 12:31:37,2021-01-14 12:31:38,"0,657s",PASSED
"verifyElementAttributeValue(findTestObject(""Object Repository/Page_Swag Labs/CheckoutPage/input_Checkout Your Information_first-name""), ""value"", findTestData(""User_Data"").getValue(3, rowNum), 1)",Chrome 87.0.4280.141,,,2021-01-14 12:31:38,2021-01-14 12:31:38,"0,328s",PASSED
"verifyElementAttributeValue(findTestObject(""Object Repository/Page_Swag Labs/CheckoutPage/input_Checkout Your Information_last-name""), ""value"", findTestData(""User_Data"").getValue(4, rowNum), 1)",Chrome 87.0.4280.141,,,2021-01-14 12:31:38,2021-01-14 12:31:38,"0,360s",PASSED
"verifyElementAttributeValue(findTestObject(""Object Repository/Page_Swag Labs/CheckoutPage/input_Checkout Your Information_postal-code""), ""value"", findTestData(""User_Data"").getValue(5, rowNum), 1)",Chrome 87.0.4280.141,,,2021-01-14 12:31:38,2021-01-14 12:31:39,"0,354s",PASSED
"click(findTestObject(""Object Repository/Page_Swag Labs/CheckoutPage/input_CANCEL_btn_primary cart_button""))",Chrome 87.0.4280.141,,,2021-01-14 12:31:39,2021-01-14 12:31:39,"0,493s",PASSED
"verifyElementPresent(findTestObject(""Object Repository/Page_Swag Labs/CheckoutOverviewPage/div_Checkout Overview""), 1)",Chrome 87.0.4280.141,,,2021-01-14 12:31:39,2021-01-14 12:31:39,"0,439s",PASSED
"click(findTestObject(""Object Repository/Page_Swag Labs/CheckoutOverviewPage/a_FINISH""))",Chrome 87.0.4280.141,,,2021-01-14 12:31:39,2021-01-14 12:31:40,"0,518s",PASSED
"verifyElementPresent(findTestObject(""Object Repository/Page_Swag Labs/FinishPage/div_Finish""), 1)",Chrome 87.0.4280.141,,,2021-01-14 12:31:40,2021-01-14 12:31:40,"0,458s",PASSED
closeBrowser(),Chrome 87.0.4280.141,,,2021-01-14 12:31:40,2021-01-14 12:31:41,"0,683s",PASSED
,,,,,,,
Test Cases/TC_2_PROBLEM_USER,Chrome 87.0.4280.141,,,2021-01-14 12:31:41,2021-01-14 12:32:00,"18,693s",FAILED
"openBrowser(""https://www.saucedemo.com/"")",Chrome 87.0.4280.141,,,2021-01-14 12:31:42,2021-01-14 12:31:46,"4,731s",PASSED
"verifyElementPresent(findTestObject(""Page_Swag Labs/LoginPage/input_standard_userlocked_out_userproblem_userperformance_glitch_user_login-button""), 1)",Chrome 87.0.4280.141,,,2021-01-14 12:31:46,2021-01-14 12:31:47,"0,441s",PASSED
"setText(findTestObject(""Page_Swag Labs/LoginPage/input_standard_userlocked_out_userproblem_userperformance_glitch_user_user-name""), findTestData(""User_Data"").getValue(1, rowNo))",Chrome 87.0.4280.141,,,2021-01-14 12:31:47,2021-01-14 12:31:47,"0,622s",PASSED
"setText(findTestObject(""Page_Swag Labs/LoginPage/input_standard_userlocked_out_userproblem_userperformance_glitch_user_password""), findTestData(""User_Data"").getValue(2, rowNo))",Chrome 87.0.4280.141,,,2021-01-14 12:31:47,2021-01-14 12:31:48,"0,616s",PASSED
"verifyElementAttributeValue(findTestObject(""Page_Swag Labs/LoginPage/input_standard_userlocked_out_userproblem_userperformance_glitch_user_user-name""), ""value"", findTestData(""User_Data"").getValue(1, rowNo), 1)",Chrome 87.0.4280.141,,,2021-01-14 12:31:48,2021-01-14 12:31:48,"0,324s",PASSED
"click(findTestObject(""Page_Swag Labs/LoginPage/input_standard_userlocked_out_userproblem_userperformance_glitch_user_login-button""))",Chrome 87.0.4280.141,,,2021-01-14 12:31:48,2021-01-14 12:31:49,"0,482s",PASSED
"verifyElementPresent(findTestObject(""Page_Swag Labs/HomePage/div_Open Menu_app_logo""), 1)",Chrome 87.0.4280.141,,,2021-01-14 12:31:49,2021-01-14 12:31:49,"0,442s",PASSED
"click(findTestObject(""Object Repository/Page_Swag Labs/HomePage/button_ADD TO CART""))",Chrome 87.0.4280.141,,,2021-01-14 12:31:49,2021-01-14 12:31:50,"0,351s",PASSED
"click(findTestObject(""Object Repository/Page_Swag Labs/HomePage/Cart""))",Chrome 87.0.4280.141,,,2021-01-14 12:31:50,2021-01-14 12:31:50,"0,744s",PASSED
"verifyElementPresent(findTestObject(""Object Repository/Page_Swag Labs/CartPage/div_Your Cart""), 1)",Chrome 87.0.4280.141,,,2021-01-14 12:31:50,2021-01-14 12:31:51,"0,543s",PASSED
"click(findTestObject(""Object Repository/Page_Swag Labs/CartPage/a_CHECKOUT""))",Chrome 87.0.4280.141,,,2021-01-14 12:31:51,2021-01-14 12:31:51,"0,506s",PASSED
"verifyElementPresent(findTestObject(""Object Repository/Page_Swag Labs/CheckoutPage/div_Checkout Your Information""), 1)",Chrome 87.0.4280.141,,,2021-01-14 12:31:51,2021-01-14 12:31:52,"0,433s",PASSED
"setText(findTestObject(""Object Repository/Page_Swag Labs/CheckoutPage/input_Checkout Your Information_first-name""), findTestData(""User_Data"").getValue(3, rowNo))",Chrome 87.0.4280.141,,,2021-01-14 12:31:52,2021-01-14 12:31:53,"0,701s",PASSED
"setText(findTestObject(""Object Repository/Page_Swag Labs/CheckoutPage/input_Checkout Your Information_last-name""), findTestData(""User_Data"").getValue(4, rowNo))",Chrome 87.0.4280.141,,,2021-01-14 12:31:53,2021-01-14 12:31:53,"0,646s",PASSED
"setText(findTestObject(""Object Repository/Page_Swag Labs/CheckoutPage/input_Checkout Your Information_postal-code""), findTestData(""User_Data"").getValue(5, rowNo))",Chrome 87.0.4280.141,,,2021-01-14 12:31:53,2021-01-14 12:31:54,"0,633s",PASSED
"verifyElementAttributeValue(findTestObject(""Object Repository/Page_Swag Labs/CheckoutPage/input_Checkout Your Information_first-name""), ""value"", findTestData(""User_Data"").getValue(3, rowNo), 1)",Chrome 87.0.4280.141,,,2021-01-14 12:31:54,2021-01-14 12:31:55,"1,007s",FAILED
