Suite/Test/Step Name,Browser,Description,Tag,Start time,End time,Duration,Status
COMPLETE_CHECKOUT,Chrome 87.0.4280.141,,,2021-01-15 13:58:58,2021-01-15 14:02:11,"3m - 12,090s",FAILED
,,,,,,,
Test Cases/TC_1_COMPLETE_CHECKOUT_PATH,Chrome 87.0.4280.141,,,2021-01-15 13:59:01,2021-01-15 13:59:19,"17,852s",PASSED
"openBrowser("""")",Chrome 87.0.4280.141,,,2021-01-15 13:59:02,2021-01-15 13:59:06,"4,245s",PASSED
"navigateToUrl(""https://www.saucedemo.com/"")",Chrome 87.0.4280.141,,,2021-01-15 13:59:06,2021-01-15 13:59:07,"0,842s",PASSED
"verifyElementPresent(findTestObject(""Page_Swag Labs/LoginPage/input_standard_userlocked_out_userproblem_userperformance_glitch_user_login-button""), 1)",Chrome 87.0.4280.141,,,2021-01-15 13:59:07,2021-01-15 13:59:07,"0,480s",PASSED
"setText(findTestObject(""Page_Swag Labs/LoginPage/input_standard_userlocked_out_userproblem_userperformance_glitch_user_user-name""), findTestData(""User_Data"").getValue(1, rowNum))",Chrome 87.0.4280.141,,,2021-01-15 13:59:07,2021-01-15 13:59:08,"0,765s",PASSED
"setText(findTestObject(""Page_Swag Labs/LoginPage/input_standard_userlocked_out_userproblem_userperformance_glitch_user_password""), findTestData(""User_Data"").getValue(2, rowNum))",Chrome 87.0.4280.141,,,2021-01-15 13:59:08,2021-01-15 13:59:09,"0,625s",PASSED
"verifyElementAttributeValue(findTestObject(""Page_Swag Labs/LoginPage/input_standard_userlocked_out_userproblem_userperformance_glitch_user_user-name""), ""value"", findTestData(""User_Data"").getValue(1, rowNum), 1)",Chrome 87.0.4280.141,,,2021-01-15 13:59:09,2021-01-15 13:59:09,"0,343s",PASSED
"click(findTestObject(""Page_Swag Labs/LoginPage/input_standard_userlocked_out_userproblem_userperformance_glitch_user_login-button""))",Chrome 87.0.4280.141,,,2021-01-15 13:59:09,2021-01-15 13:59:10,"0,603s",PASSED
"verifyElementPresent(findTestObject(""Page_Swag Labs/HomePage/div_Open Menu_app_logo""), 1)",Chrome 87.0.4280.141,,,2021-01-15 13:59:10,2021-01-15 13:59:10,"0,482s",PASSED
"click(findTestObject(""Object Repository/Page_Swag Labs/HomePage/button_ADD TO CART""))",Chrome 87.0.4280.141,,,2021-01-15 13:59:10,2021-01-15 13:59:11,"0,372s",PASSED
"click(findTestObject(""Object Repository/Page_Swag Labs/HomePage/Cart""))",Chrome 87.0.4280.141,,,2021-01-15 13:59:11,2021-01-15 13:59:11,"0,554s",PASSED
"verifyElementPresent(findTestObject(""Object Repository/Page_Swag Labs/CartPage/div_Your Cart""), 1)",Chrome 87.0.4280.141,,,2021-01-15 13:59:11,2021-01-15 13:59:12,"0,413s",PASSED
"click(findTestObject(""Object Repository/Page_Swag Labs/CartPage/a_CHECKOUT""))",Chrome 87.0.4280.141,,,2021-01-15 13:59:12,2021-01-15 13:59:12,"0,517s",PASSED
"verifyElementPresent(findTestObject(""Object Repository/Page_Swag Labs/CheckoutPage/div_Checkout Your Information""), 1)",Chrome 87.0.4280.141,,,2021-01-15 13:59:12,2021-01-15 13:59:13,"0,434s",PASSED
"setText(findTestObject(""Object Repository/Page_Swag Labs/CheckoutPage/input_Checkout Your Information_first-name""), findTestData(""User_Data"").getValue(3, rowNum))",Chrome 87.0.4280.141,,,2021-01-15 13:59:13,2021-01-15 13:59:13,"0,701s",PASSED
"setText(findTestObject(""Object Repository/Page_Swag Labs/CheckoutPage/input_Checkout Your Information_last-name""), findTestData(""User_Data"").getValue(4, rowNum))",Chrome 87.0.4280.141,,,2021-01-15 13:59:13,2021-01-15 13:59:14,"0,652s",PASSED
"setText(findTestObject(""Object Repository/Page_Swag Labs/CheckoutPage/input_Checkout Your Information_postal-code""), findTestData(""User_Data"").getValue(5, rowNum))",Chrome 87.0.4280.141,,,2021-01-15 13:59:14,2021-01-15 13:59:15,"0,762s",PASSED
"verifyElementAttributeValue(findTestObject(""Object Repository/Page_Swag Labs/CheckoutPage/input_Checkout Your Information_first-name""), ""value"", findTestData(""User_Data"").getValue(3, rowNum), 1)",Chrome 87.0.4280.141,,,2021-01-15 13:59:15,2021-01-15 13:59:15,"0,322s",PASSED
"verifyElementAttributeValue(findTestObject(""Object Repository/Page_Swag Labs/CheckoutPage/input_Checkout Your Information_last-name""), ""value"", findTestData(""User_Data"").getValue(4, rowNum), 1)",Chrome 87.0.4280.141,,,2021-01-15 13:59:15,2021-01-15 13:59:15,"0,387s",PASSED
"verifyElementAttributeValue(findTestObject(""Object Repository/Page_Swag Labs/CheckoutPage/input_Checkout Your Information_postal-code""), ""value"", findTestData(""User_Data"").getValue(5, rowNum), 1)",Chrome 87.0.4280.141,,,2021-01-15 13:59:15,2021-01-15 13:59:16,"0,354s",PASSED
"click(findTestObject(""Object Repository/Page_Swag Labs/CheckoutPage/input_CANCEL_btn_primary cart_button""))",Chrome 87.0.4280.141,,,2021-01-15 13:59:16,2021-01-15 13:59:16,"0,574s",PASSED
"verifyElementPresent(findTestObject(""Object Repository/Page_Swag Labs/CheckoutOverviewPage/div_Checkout Overview""), 1)",Chrome 87.0.4280.141,,,2021-01-15 13:59:16,2021-01-15 13:59:17,"0,461s",PASSED
"click(findTestObject(""Object Repository/Page_Swag Labs/CheckoutOverviewPage/a_FINISH""))",Chrome 87.0.4280.141,,,2021-01-15 13:59:17,2021-01-15 13:59:17,"0,702s",PASSED
"verifyElementPresent(findTestObject(""Object Repository/Page_Swag Labs/FinishPage/div_Finish""), 1)",Chrome 87.0.4280.141,,,2021-01-15 13:59:17,2021-01-15 13:59:18,"0,439s",PASSED
closeBrowser(),Chrome 87.0.4280.141,,,2021-01-15 13:59:18,2021-01-15 13:59:19,"0,812s",PASSED
,,,,,,,
Test Cases/TC_2_PROBLEM_USER,Chrome 87.0.4280.141,,,2021-01-15 13:59:19,2021-01-15 14:02:11,"2m - 51,799s",FAILED
"openBrowser(""https://www.saucedemo.com/"")",Chrome 87.0.4280.141,,,2021-01-15 13:59:19,2021-01-15 13:59:25,"6,201s",PASSED
"verifyElementPresent(findTestObject(""Page_Swag Labs/LoginPage/input_standard_userlocked_out_userproblem_userperformance_glitch_user_login-button""), 1)",Chrome 87.0.4280.141,,,2021-01-15 13:59:25,2021-01-15 13:59:27,"1,979s",PASSED
"setText(findTestObject(""Page_Swag Labs/LoginPage/input_standard_userlocked_out_userproblem_userperformance_glitch_user_user-name""), findTestData(""User_Data"").getValue(1, rowNo))",Chrome 87.0.4280.141,,,2021-01-15 13:59:27,2021-01-15 13:59:32,"4,141s",PASSED
"setText(findTestObject(""Page_Swag Labs/LoginPage/input_standard_userlocked_out_userproblem_userperformance_glitch_user_password""), findTestData(""User_Data"").getValue(2, rowNo))",Chrome 87.0.4280.141,,,2021-01-15 13:59:32,2021-01-15 13:59:35,"3,914s",PASSED
"verifyElementAttributeValue(findTestObject(""Page_Swag Labs/LoginPage/input_standard_userlocked_out_userproblem_userperformance_glitch_user_user-name""), ""value"", findTestData(""User_Data"").getValue(1, rowNo), 1)",Chrome 87.0.4280.141,,,2021-01-15 13:59:35,2021-01-15 13:59:37,"1,951s",PASSED
"click(findTestObject(""Page_Swag Labs/LoginPage/input_standard_userlocked_out_userproblem_userperformance_glitch_user_login-button""))",Chrome 87.0.4280.141,,,2021-01-15 13:59:37,2021-01-15 13:59:40,"2,271s",PASSED
"verifyElementPresent(findTestObject(""Page_Swag Labs/HomePage/div_Open Menu_app_logo""), 1)",Chrome 87.0.4280.141,,,2021-01-15 13:59:40,2021-01-15 13:59:41,"1,706s",PASSED
"click(findTestObject(""Object Repository/Page_Swag Labs/HomePage/button_ADD TO CART""))",Chrome 87.0.4280.141,,,2021-01-15 13:59:41,2021-01-15 13:59:43,"2,017s",PASSED
"click(findTestObject(""Object Repository/Page_Swag Labs/HomePage/Cart""))",Chrome 87.0.4280.141,,,2021-01-15 13:59:43,2021-01-15 13:59:46,"2,122s",PASSED
"verifyElementPresent(findTestObject(""Object Repository/Page_Swag Labs/CartPage/div_Your Cart""), 1)",Chrome 87.0.4280.141,,,2021-01-15 13:59:46,2021-01-15 13:59:47,"1,935s",PASSED
"click(findTestObject(""Object Repository/Page_Swag Labs/CartPage/a_CHECKOUT""))",Chrome 87.0.4280.141,,,2021-01-15 13:59:47,2021-01-15 13:59:49,"2,049s",PASSED
"verifyElementPresent(findTestObject(""Object Repository/Page_Swag Labs/CheckoutPage/div_Checkout Your Information""), 1)",Chrome 87.0.4280.141,,,2021-01-15 13:59:49,2021-01-15 13:59:51,"1,823s",PASSED
"setText(findTestObject(""Object Repository/Page_Swag Labs/CheckoutPage/input_Checkout Your Information_first-name""), findTestData(""User_Data"").getValue(3, rowNo))",Chrome 87.0.4280.141,,,2021-01-15 13:59:51,2021-01-15 13:59:55,"4,113s",PASSED
"setText(findTestObject(""Object Repository/Page_Swag Labs/CheckoutPage/input_Checkout Your Information_last-name""), findTestData(""User_Data"").getValue(4, rowNo))",Chrome 87.0.4280.141,,,2021-01-15 13:59:55,2021-01-15 13:59:59,"4,007s",PASSED
"setText(findTestObject(""Object Repository/Page_Swag Labs/CheckoutPage/input_Checkout Your Information_postal-code""), findTestData(""User_Data"").getValue(5, rowNo))",Chrome 87.0.4280.141,,,2021-01-15 13:59:59,2021-01-15 14:00:03,"4,014s",PASSED
"verifyElementAttributeValue(findTestObject(""Object Repository/Page_Swag Labs/CheckoutPage/input_Checkout Your Information_first-name""), ""value"", findTestData(""User_Data"").getValue(3, rowNo), 1)",Chrome 87.0.4280.141,,,2021-01-15 14:00:03,2021-01-15 14:02:05,"2m - 2,047s",FAILED
